post_id,post_type,post_thumbnail

531019414,product,http://s.tbdress.com/images/product/10/10876/10876822_1.jpg

531019415,product,http://s.tbdress.com/images/product/10/10876/10876821_1.jpg

531019416,product,http://s.tbdress.com/images/product/10/10876/10876820_1.jpg

531019417,product,http://s.tbdress.com/images/product/10/10876/10876819_1.jpg

531019418,product,http://s.tbdress.com/images/product/9/9642/9642438_2.jpg

531019419,product,http://s.tbdress.com/images/product/1/1812/1812558_1.jpg

531019420,product,http://s.tbdress.com/images/product/10/10876/10876826_1.jpg

531019421,product,http://s.tbdress.com/images/product/10/10876/10876825_3.jpg

531019422,product,http://s.tbdress.com/images/product/10/10423/10423472_1.jpg

531019423,product,http://s.tbdress.com/images/product/10/10510/

531019424,product,http://s.tbdress.com/images/product/3/3830/3830168_1.jpg

531019425,product,http://s.tbdress.com/images/product/10/10402/

531019426,product,http://s.tbdress.com/images/product/1/1812/1812790_1.jpg

531019427,product,http://s.tbdress.com/images/product/10/10459/10459121_1.jpg

531019428,product,http://s.tbdress.com/images/product/10/10878/10878615_6.jpg

531019429,product,http://s.tbdress.com/images/product/10/10878/10878594_3.jpg

531019430,product,http://s.tbdress.com/images/product/10/10876/10876828_1.jpg

531019431,product,http://s.tbdress.com/images/product/10/10876/10876827_1.jpg

531019432,product,http://s.tbdress.com/images/product/10/10677/10677636_8.jpg

531019433,product,http://s.tbdress.com/images/product/10/10876/10876818_1.jpg

531019434,product,http://s.tbdress.com/images/product/10/10876/10876817_1.jpg

531019435,product,http://s.tbdress.com/images/product/10/10168/10168999_1.jpg

531019436,product,http://s.tbdress.com/images/product/10/10455/10455251_1.jpg

531019437,product,http://s.tbdress.com/images/product/10/10462/10462618_2.jpg

531019438,product,http://s.tbdress.com/images/product/2/2061/2061609_7.jpg

531019439,product,http://s.tbdress.com/images/product/8/8883/8883574_1.jpg

531019440,product,http://s.tbdress.com/images/product/3/3819/3819153_7.jpg

531019441,product,http://s.tbdress.com/images/product/8/8888/8888291_3.jpg

531019442,product,http://s.tbdress.com/images/product/9/9675/9675012_1.jpg

531019443,product,http://s.tbdress.com/images/product/10/10411/10411765_1.jpg

531019444,product,http://s.tbdress.com/images/product/1/1954/1954259_16.jpg

531019445,product,http://s.tbdress.com/images/product/9/9647/9647212_1.jpg

531019446,product,http://s.tbdress.com/images/product/9/9653/9653019_1.jpg

531019447,product,http://s.tbdress.com/images/product/9/9647/9647220_1.jpg

531019448,product,http://s.tbdress.com/images/product/10/10475/10475499_1.jpg

531019449,product,http://s.tbdress.com/images/product/8/8883/8883552_1.jpg

531019450,product,http://s.tbdress.com/images/product/1/1801/1801406_2.jpg

531019451,product,http://s.tbdress.com/images/product/9/9298/9298519_7.jpg

531019452,product,http://s.tbdress.com/images/product/8/8886/8886526_1.jpg

531019453,product,http://s.tbdress.com/images/product/8/8883/8883105_1.jpg

531019454,product,http://s.tbdress.com/images/product/3/3812/3812708_8.jpg

531019455,product,http://s.tbdress.com/images/product/8/8883/8883371_11.jpg

531019456,product,http://s.tbdress.com/images/product/10/10467/10467112_1.jpg

531019457,product,http://s.tbdress.com/images/product/10/10161/10161606_1.jpg

531019458,product,http://s.tbdress.com/images/product/9/9647/9647231_1.jpg

531019459,product,http://s.tbdress.com/images/product/8/8888/8888316_1.jpg

531019460,product,http://s.tbdress.com/images/product/9/9674/9674944_1.jpg

531019461,product,http://s.tbdress.com/images/product/9/9647/9647230_2.jpg

531019462,product,http://s.tbdress.com/images/product/9/9675/9675006_1.jpg

531019463,product,http://s.tbdress.com/images/product/8/8887/8887575_2.jpg

531019464,product,http://s.tbdress.com/images/product/10/10464/10464070_1.jpg

531019465,product,http://s.tbdress.com/images/product/10/10570/10570753_1.jpg

531019466,product,http://s.tbdress.com/images/product/10/10466/10466835_1.jpg

531019467,product,http://s.tbdress.com/images/product/9/9654/9654521_5.jpg

531019468,product,http://s.tbdress.com/images/product/9/9674/9674962_1.jpg

531019469,product,http://s.tbdress.com/images/product/8/8883/8883194_1.jpg

531019470,product,http://s.tbdress.com/images/product/8/8887/8887840_3.jpg

531019471,product,http://s.tbdress.com/images/product/3/3812/3812564_11.jpg

531019472,product,http://s.tbdress.com/images/product/1/1821/1821551_1.jpg

531019473,product,http://s.tbdress.com/images/product/10/10498/10498056_1.jpg

531019474,product,http://s.tbdress.com/images/product/1/1812/1812864_1.jpg

531019475,product,http://s.tbdress.com/images/product/10/10183/10183605_1.jpg

531019476,product,http://s.tbdress.com/images/product/1/1812/

531019477,product,http://s.tbdress.com/images/product/9/9642/9642356_1.jpg

531019478,product,http://s.tbdress.com/images/product/10/10514/10514246_2.jpg

531019479,product,http://s.tbdress.com/images/product/10/10756/10756216_1.jpg

531019480,product,http://s.tbdress.com/images/product/10/10677/10677635_1.jpg

531019481,product,http://s.tbdress.com/images/product/10/10677/10677634_1.jpg

531019482,product,http://s.tbdress.com/images/product/10/10677/10677629_4.jpg

531019483,product,http://s.tbdress.com/images/product/10/10458/10458339_1.jpg

531019484,product,http://s.tbdress.com/images/product/10/10458/10458832_1.jpg

531019485,product,http://s.tbdress.com/images/product/8/8883/8883569_1.jpg

531019486,product,http://s.tbdress.com/images/product/3/3819/3819206_7.jpg

531019487,product,http://s.tbdress.com/images/product/9/9647/9647232_1.jpg

531019488,product,http://s.tbdress.com/images/product/10/10191/10191462_1.jpg

531019489,product,http://s.tbdress.com/images/product/10/10169/10169000_1.jpg

531019490,product,http://s.tbdress.com/images/product/8/8883/8883571_1.jpg

531019491,product,http://s.tbdress.com/images/product/1/1949/1949873_5.jpg

531019492,product,http://s.tbdress.com/images/product/10/10191/10191429_1.jpg

531019493,product,http://s.tbdress.com/images/product/9/9298/9298542_5.jpg

531019494,product,http://s.tbdress.com/images/product/9/9654/9654425_5.jpg

531019495,product,http://s.tbdress.com/images/product/10/10169/10169015_1.jpg

531019496,product,http://s.tbdress.com/images/product/1/1743/1743122_1.jpg

531019497,product,http://s.tbdress.com/images/product/10/10168/10168774_1.jpg

531019498,product,http://s.tbdress.com/images/product/8/8883/8883556_1.jpg

531019499,product,http://s.tbdress.com/images/product/1/1744/1744624_1.jpg

531019500,product,http://s.tbdress.com/images/product/1/1812/1812560_1.jpg

531019501,product,http://s.tbdress.com/images/product/10/10416/10416245_6.jpg

531019502,product,http://s.tbdress.com/images/product/10/10770/10770398_4.jpg

531019503,product,http://s.tbdress.com/images/product/10/10411/10411801_1.jpg

531019504,product,http://s.tbdress.com/images/product/10/10467/10467187_1.jpg

531019505,product,http://s.tbdress.com/images/product/10/10475/10475484_1.jpg

531019506,product,http://s.tbdress.com/images/product/10/10475/10475475_1.jpg

531019507,product,http://s.tbdress.com/images/product/3/3812/3812583_13.jpg

531019508,product,http://s.tbdress.com/images/product/10/10160/

531019509,product,http://s.tbdress.com/images/product/3/3819/3819358_1.jpg

531019510,product,http://s.tbdress.com/images/product/1/1821/1821252_1.jpg

531019511,product,http://s.tbdress.com/images/product/10/10183/10183734_1.jpg

531019512,product,http://s.tbdress.com/images/product/10/10543/10543164_1.jpg

531019513,product,http://s.tbdress.com/images/product/10/10876/10876815_1.jpg

531019514,product,http://s.tbdress.com/images/product/10/10876/10876813_1.jpg

531019515,product,http://s.tbdress.com/images/product/10/10876/10876812_1.jpg

531019516,product,http://s.tbdress.com/images/product/10/10876/10876811_1.jpg

531019517,product,http://s.tbdress.com/images/product/10/10191/

531019518,product,http://s.tbdress.com/images/product/10/10160/10160830_1.jpg

531019519,product,http://s.tbdress.com/images/product/3/3819/3819568_2.jpg

531019520,product,http://s.tbdress.com/images/product/10/10160/10160805_1.jpg

531019521,product,http://s.tbdress.com/images/product/3/3812/3812298_1.jpg

531019522,product,http://s.tbdress.com/images/product/10/10677/10677628_2.jpg

531019523,product,http://s.tbdress.com/images/product/10/10677/10677623_1.jpg

531019524,product,http://s.tbdress.com/images/product/10/10876/10876816_1.jpg

531019525,product,http://s.tbdress.com/images/product/10/10876/10876501_5.jpg

531019526,product,http://s.tbdress.com/images/product/10/10875/10875472_1.jpg

531019527,product,http://s.tbdress.com/images/product/10/10875/10875471_1.jpg

531019528,product,http://s.tbdress.com/images/product/10/10875/10875470_1.jpg

531019529,product,http://s.tbdress.com/images/product/10/10875/10875469_1.jpg

531019530,product,http://s.tbdress.com/images/product/10/10875/10875468_1.jpg

531019531,product,http://s.tbdress.com/images/product/10/10875/10875466_1.jpg

531019532,product,http://s.tbdress.com/images/product/10/10875/10875464_1.jpg

531019533,product,http://s.tbdress.com/images/product/9/9654/9654512_1.jpg

531019534,product,http://s.tbdress.com/images/product/2/2061/2061527_10.jpg

531019535,product,http://s.tbdress.com/images/product/10/10169/10169009_1.jpg

531019536,product,http://s.tbdress.com/images/product/1/1949/1949494_7.jpg

531019537,product,http://s.tbdress.com/images/product/9/9644/9644483_5.jpg

531019538,product,http://s.tbdress.com/images/product/10/10169/10169010_1.jpg

531019539,product,http://s.tbdress.com/images/product/3/3819/3819257_11.jpg

531019540,product,http://s.tbdress.com/images/product/10/10464/10464187_1.jpg

531019541,product,http://s.tbdress.com/images/product/3/3819/3819270_9.jpg

531019542,product,http://s.tbdress.com/images/product/3/3812/3812581_8.jpg

531019543,product,http://s.tbdress.com/images/product/10/10413/10413133_1.jpg

531019544,product,http://s.tbdress.com/images/product/10/10168/10168969_1.jpg

531019545,product,http://s.tbdress.com/images/product/2/2061/2061523_7.jpg

531019546,product,http://s.tbdress.com/images/product/10/10570/10570769_1.jpg

531019547,product,http://s.tbdress.com/images/product/10/10875/10875463_1.jpg

531019548,product,http://s.tbdress.com/images/product/10/10875/10875462_1.jpg

531019549,product,http://s.tbdress.com/images/product/10/10875/10875461_1.jpg

531019550,product,http://s.tbdress.com/images/product/10/10875/10875460_1.jpg

531019551,product,http://s.tbdress.com/images/product/10/10875/10875053_9.jpg

531019552,product,http://s.tbdress.com/images/product/10/10874/10874166_2.jpg

531019553,product,http://s.tbdress.com/images/product/10/10874/10874140_2.jpg

531019554,product,http://s.tbdress.com/images/product/10/10873/10873983_2.jpg

531019555,product,http://s.tbdress.com/images/product/10/10873/10873878_1.jpg

531019556,product,http://s.tbdress.com/images/product/10/10873/10873771_5.jpg

531019557,product,http://s.tbdress.com/images/product/10/10873/10873700_1.jpg

531019558,product,http://s.tbdress.com/images/product/10/10873/10873651_1.jpg

531019559,product,http://s.tbdress.com/images/product/10/10873/10873577_1.jpg

531019560,product,http://s.tbdress.com/images/product/2/2064/2064927_9.jpg

531019561,product,http://s.tbdress.com/images/product/9/9670/9670803_5.jpg

531019562,product,http://s.tbdress.com/images/product/10/10464/10464881_1.jpg

531019563,product,http://s.tbdress.com/images/product/9/9653/9653004_5.jpg

531019564,product,http://s.tbdress.com/images/product/9/9647/9647194_1.jpg

531019565,product,http://s.tbdress.com/images/product/10/10475/10475944_2.jpg

531019566,product,http://s.tbdress.com/images/product/9/9654/9654540_5.jpg

531019567,product,http://s.tbdress.com/images/product/10/10582/10582817_1.jpg

531019568,product,http://s.tbdress.com/images/product/3/3819/3819213_8.jpg

531019569,product,http://s.tbdress.com/images/product/2/2061/2061632_8.jpg

531019570,product,http://s.tbdress.com/images/product/3/3819/3819190_7.jpg

531019571,product,http://s.tbdress.com/images/product/10/10413/10413139_1.jpg

531019572,product,http://s.tbdress.com/images/product/1/1954/1954262_7.jpg

531019573,product,http://s.tbdress.com/images/product/9/9672/9672368_1.jpg

531019574,product,http://s.tbdress.com/images/product/9/9644/9644419_1.jpg

531019575,product,http://s.tbdress.com/images/product/8/8883/8883322_7.jpg

531019576,product,http://s.tbdress.com/images/product/8/8883/8883567_1.jpg

531019577,product,http://s.tbdress.com/images/product/9/9647/9647211_1.jpg

531019578,product,http://s.tbdress.com/images/product/9/9675/9675018_1.jpg

531019579,product,http://s.tbdress.com/images/product/3/3819/3819184_8.jpg

531019580,product,http://s.tbdress.com/images/product/1/1949/1949497_12.jpg

531019581,product,http://s.tbdress.com/images/product/10/10168/10168998_1.jpg

531019582,product,http://s.tbdress.com/images/product/1/1795/1795973_1.jpg

531019583,product,http://s.tbdress.com/images/product/9/9686/9686879_5.jpg

531019584,product,http://s.tbdress.com/images/product/8/8883/8883121_12.jpg

531019585,product,http://s.tbdress.com/images/product/9/9647/9647188_1.jpg

531019586,product,http://s.tbdress.com/images/product/8/8883/8883541_2.jpg

531019587,product,http://s.tbdress.com/images/product/10/10189/10189867_1.jpg

531019588,product,http://s.tbdress.com/images/product/9/9683/9683507_9.jpg

531019589,product,http://s.tbdress.com/images/product/8/8883/8883187_12.jpg

531019590,product,http://s.tbdress.com/images/product/8/8883/8883973_4.jpg

531019591,product,http://s.tbdress.com/images/product/8/8883/8883115_3.jpg

531019592,product,http://s.tbdress.com/images/product/3/3819/3819221_7.jpg

531019593,product,http://s.tbdress.com/images/product/10/10404/10404647_1.jpg

531019594,product,http://s.tbdress.com/images/product/10/10870/10870128_1.jpg

531019595,product,http://s.tbdress.com/images/product/10/10870/10870127_1.jpg

531019596,product,http://s.tbdress.com/images/product/10/10870/10870126_1.jpg

531019597,product,http://s.tbdress.com/images/product/10/10423/10423483_2.jpg

531019598,product,http://s.tbdress.com/images/product/10/10499/10499228_1.jpg

531019599,product,http://s.tbdress.com/images/product/10/10160/10160790_1.jpg

531019600,product,http://s.tbdress.com/images/product/10/10677/10677612_1.jpg

531019601,product,http://s.tbdress.com/images/product/10/10677/10677610_1.jpg

531019602,product,http://s.tbdress.com/images/product/10/10872/10872240_1.jpg

531019603,product,http://s.tbdress.com/images/product/10/10872/10872239_1.jpg

531019604,product,http://s.tbdress.com/images/product/10/10872/10872238_1.jpg

531019605,product,http://s.tbdress.com/images/product/10/10872/10872237_1.jpg

531019606,product,http://s.tbdress.com/images/product/10/10871/10871022_1.jpg

531019607,product,http://s.tbdress.com/images/product/10/10870/10870130_1.jpg

531019608,product,http://s.tbdress.com/images/product/10/10870/10870129_1.jpg

531019609,product,http://s.tbdress.com/images/product/10/10870/10870125_1.jpg

531019610,product,http://s.tbdress.com/images/product/10/10870/10870124_3.jpg

531019611,product,http://s.tbdress.com/images/product/10/10870/10870123_1.jpg

531019612,product,http://s.tbdress.com/images/product/10/10870/10870122_1.jpg

531019613,product,http://s.tbdress.com/images/product/10/10191/10191382_1.jpg

531019614,product,http://s.tbdress.com/images/product/9/9654/9654550_1.jpg

531019615,product,http://s.tbdress.com/images/product/10/10464/10464865_1.jpg

531019616,product,http://s.tbdress.com/images/product/9/9654/9654536_5.jpg

531019617,product,http://s.tbdress.com/images/product/3/3819/3819265_11.jpg

531019618,product,http://s.tbdress.com/images/product/10/10475/10475476_1.jpg

531019619,product,http://s.tbdress.com/images/product/9/9298/9298531_6.jpg

531019620,product,http://s.tbdress.com/images/product/9/9647/9647224_3.jpg

531019621,product,http://s.tbdress.com/images/product/9/9653/9653032_1.jpg

531019622,product,http://s.tbdress.com/images/product/10/10456/10456480_1.jpg

531019623,product,http://s.tbdress.com/images/product/10/10411/10411763_1.jpg

531019624,product,http://s.tbdress.com/images/product/10/10169/10169001_1.jpg

531019625,product,http://s.tbdress.com/images/product/3/3819/3819223_12.jpg

531019626,product,http://s.tbdress.com/images/product/9/9298/9298533_11.jpg

531019627,product,http://s.tbdress.com/images/product/10/10168/10168790_1.jpg

531019628,product,http://s.tbdress.com/images/product/8/8883/8883536_10.jpg

531019629,product,http://s.tbdress.com/images/product/10/10874/10874868_1.jpg

531019630,product,http://s.tbdress.com/images/product/9/9647/9647183_1.jpg

531019631,product,http://s.tbdress.com/images/product/8/8883/8883540_2.jpg

531019632,product,http://s.tbdress.com/images/product/10/10168/10168881_1.jpg

531019633,product,http://s.tbdress.com/images/product/10/10193/10193447_1.jpg

531019634,product,http://s.tbdress.com/images/product/9/9683/9683511_5.jpg

531019635,product,http://s.tbdress.com/images/product/9/9654/9654554_1.jpg

531019636,product,http://s.tbdress.com/images/product/9/9690/9690825_1.jpg

531019637,product,http://s.tbdress.com/images/product/3/3819/3819156_11.jpg

531019638,product,http://s.tbdress.com/images/product/10/10464/10464083_1.jpg

531019639,product,http://s.tbdress.com/images/product/10/10189/10189525_1.jpg

531019640,product,http://s.tbdress.com/images/product/10/10464/10464859_5.jpg

531019641,product,http://s.tbdress.com/images/product/8/8883/8883278_8.jpg

531019642,product,http://s.tbdress.com/images/product/9/9673/9673919_1.jpg

531019643,product,http://s.tbdress.com/images/product/10/10570/10570757_1.jpg

531019644,product,http://s.tbdress.com/images/product/10/10459/10459654_1.jpg

531019645,product,http://s.tbdress.com/images/product/10/10191/10191417_1.jpg

531019646,product,http://s.tbdress.com/images/product/10/10189/10189631_1.jpg

531019647,product,http://s.tbdress.com/images/product/10/10168/10168976_1.jpg

531019648,product,http://s.tbdress.com/images/product/10/10189/10189681_1.jpg

531019649,product,http://s.tbdress.com/images/product/10/10423/10423531_1.jpg

531019650,product,http://s.tbdress.com/images/product/1/1812/1812759_1.jpg

531019651,product,http://s.tbdress.com/images/product/1/1822/1822434_1.jpg

531019652,product,http://s.tbdress.com/images/product/1/1973/1973446_1.jpg

531019653,product,http://s.tbdress.com/images/product/9/9642/9642347_1.jpg

531019654,product,http://s.tbdress.com/images/product/3/3830/3830267_1.jpg

531019655,product,http://s.tbdress.com/images/product/10/10430/10430428_1.jpg

531019656,product,http://s.tbdress.com/images/product/10/10510/10510186_1.jpg

531019657,product,http://s.tbdress.com/images/product/10/10498/10498067_1.jpg

531019658,product,http://s.tbdress.com/images/product/10/10870/10870120_1.jpg

531019659,product,http://s.tbdress.com/images/product/10/10870/10870093_1.jpg

531019660,product,http://s.tbdress.com/images/product/10/10870/10870090_1.jpg

531019661,product,http://s.tbdress.com/images/product/10/10870/10870089_1.jpg

531019662,product,http://s.tbdress.com/images/product/10/10870/10870087_1.jpg

531019663,product,http://s.tbdress.com/images/product/10/10869/10869453_1.jpg

531019664,product,http://s.tbdress.com/images/product/10/10866/10866879_1.jpg

531019665,product,http://s.tbdress.com/images/product/10/10866/10866848_4.jpg

531019666,product,http://s.tbdress.com/images/product/10/10866/10866840_1.jpg

531019667,product,http://s.tbdress.com/images/product/10/10866/10866798_2.jpg

531019668,product,http://s.tbdress.com/images/product/10/10866/10866788_4.jpg

531019669,product,http://s.tbdress.com/images/product/10/10866/10866736_1.jpg

531019670,product,http://s.tbdress.com/images/product/10/10866/10866735_2.jpg

531019671,product,http://s.tbdress.com/images/product/9/9654/9654520_1.jpg

531019672,product,http://s.tbdress.com/images/product/10/10189/10189511_1.jpg

531019673,product,http://s.tbdress.com/images/product/9/9298/9298534_10.jpg

531019674,product,http://s.tbdress.com/images/product/9/9654/9654546_5.jpg

531019675,product,http://s.tbdress.com/images/product/10/10467/10467111_1.jpg

531019676,product,http://s.tbdress.com/images/product/8/8883/8883543_3.jpg

531019677,product,http://s.tbdress.com/images/product/10/10168/10168837_1.jpg

531019678,product,http://s.tbdress.com/images/product/9/9644/9644503_1.jpg

531019679,product,http://s.tbdress.com/images/product/3/3819/3819180_9.jpg

531019680,product,http://s.tbdress.com/images/product/9/9647/9647207_1.jpg

531019681,product,http://s.tbdress.com/images/product/9/9644/9644504_1.jpg

531019682,product,http://s.tbdress.com/images/product/2/2061/2061663_1.jpg

531019683,product,http://s.tbdress.com/images/product/8/8883/8883542_1.jpg

531019684,product,http://s.tbdress.com/images/product/9/9647/9647171_4.jpg

531019685,product,http://s.tbdress.com/images/product/10/10475/10475471_1.jpg

531019686,product,http://s.tbdress.com/images/product/10/10456/10456481_3.jpg

531019687,product,http://s.tbdress.com/images/product/10/10168/10168766_1.jpg

531019688,product,http://s.tbdress.com/images/product/8/8888/8888097_1.jpg

531019689,product,http://s.tbdress.com/images/product/3/3819/3819222_23.jpg

531019690,product,http://s.tbdress.com/images/product/10/10189/10189542_1.jpg

531019691,product,http://s.tbdress.com/images/product/8/8883/8883108_1.jpg

531019692,product,http://s.tbdress.com/images/product/8/8886/8886533_1.jpg

531019693,product,http://s.tbdress.com/images/product/9/9673/9673921_5.jpg

531019694,product,http://s.tbdress.com/images/product/8/8886/8886563_1.jpg

531019695,product,http://s.tbdress.com/images/product/10/10169/10169049_1.jpg

531019696,product,http://s.tbdress.com/images/product/8/8883/8883538_8.jpg

531019697,product,http://s.tbdress.com/images/product/10/10189/10189645_1.jpg

531019698,product,http://s.tbdress.com/images/product/8/8888/8888284_1.jpg

531019699,product,http://s.tbdress.com/images/product/8/8887/8887563_1.jpg

531019700,product,http://s.tbdress.com/images/product/3/3812/3812573_6.jpg

531019701,product,http://s.tbdress.com/images/product/2/2064/2064931_10.jpg

531019702,product,http://s.tbdress.com/images/product/3/3812/3812588_11.jpg

531019703,product,http://s.tbdress.com/images/product/10/10189/10189717_1.jpg

531019704,product,http://s.tbdress.com/images/product/10/10189/10189853_1.jpg

531019705,product,http://s.tbdress.com/images/product/10/10430/10430349_1.jpg

531019706,product,http://s.tbdress.com/images/product/9/9651/9651626_1.jpg

531019707,product,http://s.tbdress.com/images/product/0/364/364136_1.jpg

531019708,product,http://s.tbdress.com/images/product/1/1973/

531019709,product,http://s.tbdress.com/images/product/10/10866/10866730_2.jpg

531019710,product,http://s.tbdress.com/images/product/10/10866/10866096_1.jpg

531019711,product,http://s.tbdress.com/images/product/10/10866/10866095_1.jpg

531019712,product,http://s.tbdress.com/images/product/10/10866/10866094_1.jpg

531019713,product,http://s.tbdress.com/images/product/10/10866/10866093_1.jpg

531019714,product,http://s.tbdress.com/images/product/10/10866/10866092_1.jpg

531019715,product,http://s.tbdress.com/images/product/10/10866/10866091_1.jpg

531019716,product,http://s.tbdress.com/images/product/10/10866/10866090_1.jpg

531019717,product,http://s.tbdress.com/images/product/10/10866/10866089_2.jpg

531019718,product,http://s.tbdress.com/images/product/10/10866/10866088_1.jpg

531019719,product,http://s.tbdress.com/images/product/10/10423/10423570_1.jpg

531019720,product,http://s.tbdress.com/images/product/1/1822/1822419_1.jpg

531019721,product,http://s.tbdress.com/images/product/10/10160/

531019722,product,http://s.tbdress.com/images/product/9/9667/9667325_1.jpg

531019723,product,http://s.tbdress.com/images/product/10/10677/10677606_2.jpg

531019724,product,http://s.tbdress.com/images/product/10/10862/10862915_5.jpg

531019725,product,http://s.tbdress.com/images/product/10/10862/10862474_5.jpg

531019726,product,http://s.tbdress.com/images/product/10/10862/10862334_4.jpg

531019727,product,http://s.tbdress.com/images/product/10/10862/10862318_6.jpg

531019728,product,http://s.tbdress.com/images/product/9/9644/9644502_1.jpg

531019729,product,http://s.tbdress.com/images/product/10/10462/10462484_4.jpg

531019730,product,http://s.tbdress.com/images/product/2/2064/2064817_7.jpg

531019731,product,http://s.tbdress.com/images/product/8/8886/8886540_1.jpg

531019732,product,http://s.tbdress.com/images/product/3/3812/3812711_7.jpg

531019733,product,http://s.tbdress.com/images/product/10/10582/10582815_1.jpg

531019734,product,http://s.tbdress.com/images/product/8/8883/8883537_8.jpg

531019735,product,http://s.tbdress.com/images/product/3/3819/3819229_11.jpg

531019736,product,http://s.tbdress.com/images/product/9/9647/9647247_1.jpg

531019737,product,http://s.tbdress.com/images/product/8/8888/8888026_1.jpg

531019738,product,http://s.tbdress.com/images/product/3/3819/3819158_11.jpg

531019739,product,http://s.tbdress.com/images/product/9/9686/9686987_5.jpg

531019740,product,http://s.tbdress.com/images/product/3/3819/3819272_8.jpg

531019741,product,http://s.tbdress.com/images/product/9/9654/9654421_1.jpg

531019742,product,http://s.tbdress.com/images/product/10/10191/10191384_1.jpg

531019743,product,http://s.tbdress.com/images/product/9/9672/9672444_1.jpg

531019744,product,http://s.tbdress.com/images/product/9/9670/9670793_1.jpg

531019745,product,http://s.tbdress.com/images/product/10/10169/10169012_1.jpg

531019746,product,http://s.tbdress.com/images/product/10/10466/10466823_1.jpg

531019747,product,http://s.tbdress.com/images/product/10/10168/10168798_1.jpg

531019748,product,http://s.tbdress.com/images/product/10/10475/10475943_1.jpg

531019749,product,http://s.tbdress.com/images/product/10/10189/10189689_1.jpg

531019750,product,http://s.tbdress.com/images/product/10/10168/10168889_1.jpg

531019751,product,http://s.tbdress.com/images/product/10/10169/10169011_1.jpg

531019752,product,http://s.tbdress.com/images/product/1/1801/1801342_1.jpg

531019753,product,http://s.tbdress.com/images/product/2/2061/2061951_1.jpg

531019754,product,http://s.tbdress.com/images/product/10/10189/10189890_1.jpg

531019755,product,http://s.tbdress.com/images/product/8/8883/8883310_8.jpg

531019756,product,http://s.tbdress.com/images/product/10/10168/10168890_1.jpg

531019757,product,http://s.tbdress.com/images/product/8/8883/8883262_7.jpg

531019758,product,http://s.tbdress.com/images/product/2/2064/2064560_12.jpg

531019759,product,http://s.tbdress.com/images/product/9/9652/9652974_3.jpg

531019760,product,http://s.tbdress.com/images/product/10/10769/10769815_17.jpg

531019761,product,http://s.tbdress.com/images/product/2/2064/2064804_6.jpg

531019762,product,http://s.tbdress.com/images/product/9/9674/9674951_1.jpg

531019763,product,http://s.tbdress.com/images/product/8/8887/8887936_1.jpg

531019764,product,http://s.tbdress.com/images/product/10/10884/10884569_1.jpg

531019765,product,http://s.tbdress.com/images/product/10/10884/10884567_1.jpg

531019766,product,http://s.tbdress.com/images/product/10/10884/10884566_1.jpg

531019767,product,http://s.tbdress.com/images/product/10/10884/10884565_1.jpg

531019768,product,http://s.tbdress.com/images/product/10/10884/10884564_1.jpg

531019769,product,http://s.tbdress.com/images/product/10/10884/10884563_1.jpg

531019770,product,http://s.tbdress.com/images/product/10/10160/

531019771,product,http://s.tbdress.com/images/product/10/10458/10458794_1.jpg

531019772,product,http://s.tbdress.com/images/product/1/1822/1822407_1.jpg

531019773,product,http://s.tbdress.com/images/product/1/1801/1801598_1.jpg

531019774,product,http://s.tbdress.com/images/product/9/9642/9642401_1.jpg

531019775,product,http://s.tbdress.com/images/product/3/3812/

531019776,product,http://s.tbdress.com/images/product/10/10160/10160892_1.jpg

531019777,product,http://s.tbdress.com/images/product/10/10884/10884562_1.jpg

531019778,product,http://s.tbdress.com/images/product/10/10884/10884561_1.jpg

531019779,product,http://s.tbdress.com/images/product/10/10884/10884560_1.jpg

531019780,product,http://s.tbdress.com/images/product/10/10884/10884559_3.jpg

531019781,product,http://s.tbdress.com/images/product/10/10884/10884558_1.jpg

531019782,product,http://s.tbdress.com/images/product/10/10884/10884557_2.jpg

531019783,product,http://s.tbdress.com/images/product/10/10884/10884556_2.jpg

531019784,product,http://s.tbdress.com/images/product/10/10884/10884555_1.jpg

531019785,product,http://s.tbdress.com/images/product/10/10677/10677600_1.jpg

531019786,product,http://s.tbdress.com/images/product/10/10677/10677590_1.jpg

531019787,product,http://s.tbdress.com/images/product/10/10862/10862307_2.jpg

531019788,product,http://s.tbdress.com/images/product/10/10862/10862268_3.jpg

531019789,product,http://s.tbdress.com/images/product/10/10861/10861950_3.jpg

531019790,product,http://s.tbdress.com/images/product/10/10861/10861929_7.jpg

531019791,product,http://s.tbdress.com/images/product/10/10858/10858361_1.jpg

531019792,product,http://s.tbdress.com/images/product/10/10858/10858360_1.jpg

531019793,product,http://s.tbdress.com/images/product/10/10858/10858359_1.jpg

531019794,product,http://s.tbdress.com/images/product/10/10858/10858358_1.jpg

531019795,product,http://s.tbdress.com/images/product/10/10856/10856875_1.jpg

531019796,product,http://s.tbdress.com/images/product/10/10856/10856867_1.jpg

531019797,product,http://s.tbdress.com/images/product/10/10856/10856808_3.jpg

531019798,product,http://s.tbdress.com/images/product/10/10856/10856726_1.jpg

531019799,product,http://s.tbdress.com/images/product/10/10856/10856725_1.jpg

531019800,product,http://s.tbdress.com/images/product/2/2064/2064644_8.jpg

531019801,product,http://s.tbdress.com/images/product/10/10192/10192685_1.jpg

531019802,product,http://s.tbdress.com/images/product/2/2061/2061559_1.jpg

531019803,product,http://s.tbdress.com/images/product/9/9675/9675015_1.jpg

531019804,product,http://s.tbdress.com/images/product/10/10168/10168860_1.jpg

531019805,product,http://s.tbdress.com/images/product/8/8883/8883544_1.jpg

531019806,product,http://s.tbdress.com/images/product/9/9683/9683988_5.jpg

531019807,product,http://s.tbdress.com/images/product/9/9647/9647218_3.jpg

531019808,product,http://s.tbdress.com/images/product/9/9647/9647248_1.jpg

531019809,product,http://s.tbdress.com/images/product/3/3812/3812718_8.jpg

531019810,product,http://s.tbdress.com/images/product/3/3819/3819249_10.jpg

531019811,product,http://s.tbdress.com/images/product/10/10189/10189952_1.jpg

531019812,product,http://s.tbdress.com/images/product/3/3819/3819219_10.jpg

531019813,product,http://s.tbdress.com/images/product/10/10582/10582773_1.jpg

531019814,product,http://s.tbdress.com/images/product/10/10463/10463938_4.jpg

531019815,product,http://s.tbdress.com/images/product/1/1795/1795964_1.jpg

531019816,product,http://s.tbdress.com/images/product/10/10411/10411778_1.jpg

531019817,product,http://s.tbdress.com/images/product/10/10191/10191473_1.jpg

531019818,product,http://s.tbdress.com/images/product/10/10169/10169004_1.jpg

531019819,product,http://s.tbdress.com/images/product/9/9647/9647170_1.jpg

531019820,product,http://s.tbdress.com/images/product/1/1949/1949900_1.jpg

531019821,product,http://s.tbdress.com/images/product/10/10411/10411764_1.jpg

531019822,product,http://s.tbdress.com/images/product/10/10769/10769811_12.jpg

531019823,product,http://s.tbdress.com/images/product/8/8883/8883156_7.jpg

531019824,product,http://s.tbdress.com/images/product/10/10462/10462627_1.jpg

531019825,product,http://s.tbdress.com/images/product/9/9647/9647192_9.jpg

531019826,product,http://s.tbdress.com/images/product/8/8883/8883274_5.jpg

531019827,product,http://s.tbdress.com/images/product/10/10168/10168853_1.jpg

531019828,product,http://s.tbdress.com/images/product/10/10169/10169014_1.jpg

531019829,product,http://s.tbdress.com/images/product/10/10168/10168933_1.jpg

531019830,product,http://s.tbdress.com/images/product/9/9672/9672371_1.jpg

531019831,product,http://s.tbdress.com/images/product/9/9664/9664585_1.jpg

531019832,product,http://s.tbdress.com/images/product/10/10189/10189925_1.jpg

531019833,product,http://s.tbdress.com/images/product/1/1812/1812909_1.jpg

531019834,product,http://s.tbdress.com/images/product/9/9654/9654358_1.jpg

531019835,product,http://s.tbdress.com/images/product/9/9672/9672449_1.jpg

531019836,product,http://s.tbdress.com/images/product/1/1796/1796026_1.jpg

531019837,product,http://s.tbdress.com/images/product/1/1949/1949671_10.jpg

531019838,product,http://s.tbdress.com/images/product/10/10411/10411784_1.jpg

531019839,product,http://s.tbdress.com/images/product/1/1821/1821938_7.jpg

531019840,product,http://s.tbdress.com/images/product/10/10498/10498035_6.jpg

531019841,product,http://s.tbdress.com/images/product/10/10430/10430333_1.jpg

531019842,product,http://s.tbdress.com/images/product/10/10884/10884544_1.jpg

531019843,product,http://s.tbdress.com/images/product/10/10884/10884543_1.jpg

531019844,product,http://s.tbdress.com/images/product/10/10884/10884542_1.jpg

531019845,product,http://s.tbdress.com/images/product/10/10884/10884094_2.jpg

531019846,product,http://s.tbdress.com/images/product/1/1812/1812398_1.jpg

531019847,product,http://s.tbdress.com/images/product/10/10884/10884552_4.jpg

531019848,product,http://s.tbdress.com/images/product/10/10884/10884551_1.jpg

531019849,product,http://s.tbdress.com/images/product/10/10884/10884550_1.jpg

531019850,product,http://s.tbdress.com/images/product/10/10884/10884549_1.jpg

531019851,product,http://s.tbdress.com/images/product/10/10884/10884548_1.jpg

531019852,product,http://s.tbdress.com/images/product/10/10884/10884547_1.jpg

531019853,product,http://s.tbdress.com/images/product/10/10884/10884546_1.jpg

531019854,product,http://s.tbdress.com/images/product/10/10884/10884545_1.jpg

531019855,product,http://s.tbdress.com/images/product/3/3812/3812275_1.jpg

531019856,product,http://s.tbdress.com/images/product/1/1801/1801756_1.jpg

531019857,product,http://s.tbdress.com/images/product/1/1973/1973428_1.jpg

531019858,product,http://s.tbdress.com/images/product/10/10160/10160801_1.jpg

531019859,product,http://s.tbdress.com/images/product/10/10884/10884554_1.jpg

531019860,product,http://s.tbdress.com/images/product/10/10884/10884553_1.jpg

531019861,product,http://s.tbdress.com/images/product/10/10883/10883658_1.jpg

531019862,product,http://s.tbdress.com/images/product/10/10883/10883656_1.jpg

531019863,product,http://s.tbdress.com/images/product/10/10883/10883655_1.jpg

531019864,product,http://s.tbdress.com/images/product/10/10677/10677588_7.jpg

531019865,product,http://s.tbdress.com/images/product/10/10883/10883654_1.jpg

531019866,product,http://s.tbdress.com/images/product/10/10883/10883653_1.jpg

531019867,product,http://s.tbdress.com/images/product/10/10883/10883600_1.jpg

531019868,product,http://s.tbdress.com/images/product/10/10883/10883599_1.jpg

531019869,product,http://s.tbdress.com/images/product/10/10883/10883598_1.jpg

531019870,product,http://s.tbdress.com/images/product/10/10883/10883597_1.jpg

531019871,product,http://s.tbdress.com/images/product/10/10883/10883596_1.jpg

531019872,product,http://s.tbdress.com/images/product/10/10883/10883595_1.jpg

531019873,product,http://s.tbdress.com/images/product/10/10883/10883594_1.jpg

531019874,product,http://s.tbdress.com/images/product/10/10883/10883593_1.jpg

531019875,product,http://s.tbdress.com/images/product/10/10883/10883592_1.jpg

531019876,product,http://s.tbdress.com/images/product/10/10883/10883590_1.jpg

531019877,product,http://s.tbdress.com/images/product/10/10883/10883589_1.jpg

531019878,product,http://s.tbdress.com/images/product/10/10883/10883588_1.jpg

531019879,product,http://s.tbdress.com/images/product/10/10883/10883587_1.jpg

531019880,product,http://s.tbdress.com/images/product/10/10883/10883586_1.jpg

531019881,product,http://s.tbdress.com/images/product/10/10883/10883585_1.jpg

531019882,product,http://s.tbdress.com/images/product/10/10856/10856724_1.jpg

531019883,product,http://s.tbdress.com/images/product/10/10856/10856723_1.jpg

531019884,product,http://s.tbdress.com/images/product/10/10852/10852078_1.jpg

531019885,product,http://s.tbdress.com/images/product/10/10852/10852075_2.jpg

531019886,product,http://s.tbdress.com/images/product/10/10852/10852025_1.jpg

531019887,product,http://s.tbdress.com/images/product/10/10831/10831782_1.jpg

531019888,product,http://s.tbdress.com/images/product/10/10828/10828178_1.jpg

531019889,product,http://s.tbdress.com/images/product/10/10824/10824232_1.jpg

531019890,product,http://s.tbdress.com/images/product/10/10824/10824231_1.jpg

531019891,product,http://s.tbdress.com/images/product/10/10824/10824230_1.jpg

531019892,product,http://s.tbdress.com/images/product/10/10824/10824229_1.jpg

531019893,product,http://s.tbdress.com/images/product/10/10824/10824228_1.jpg

531019894,product,http://s.tbdress.com/images/product/10/10824/10824227_1.jpg

531019895,product,http://s.tbdress.com/images/product/10/10462/10462587_1.jpg

531019896,product,http://s.tbdress.com/images/product/9/9683/9683990_5.jpg

531019897,product,http://s.tbdress.com/images/product/9/9298/9298520_9.jpg

531019898,product,http://s.tbdress.com/images/product/3/3819/3819211_8.jpg

531019899,product,http://s.tbdress.com/images/product/3/3819/3819268_10.jpg

531019900,product,http://s.tbdress.com/images/product/10/10193/10193524_1.jpg

531019901,product,http://s.tbdress.com/images/product/1/1949/1949503_12.jpg

531019902,product,http://s.tbdress.com/images/product/10/10568/10568622_1.jpg

531019903,product,http://s.tbdress.com/images/product/10/10168/10168994_1.jpg

531019904,product,http://s.tbdress.com/images/product/10/10169/10169007_1.jpg

531019905,product,http://s.tbdress.com/images/product/9/9654/9654542_1.jpg

531019906,product,http://s.tbdress.com/images/product/2/2061/2061526_12.jpg

531019907,product,http://s.tbdress.com/images/product/1/1949/1949507_8.jpg

531019908,product,http://s.tbdress.com/images/product/9/9670/9670798_1.jpg

531019909,product,http://s.tbdress.com/images/product/10/10462/10462530_1.jpg

531019910,product,http://s.tbdress.com/images/product/1/1801/1801351_1.jpg

531019911,product,http://s.tbdress.com/images/product/8/8883/8883286_12.jpg

531019912,product,http://s.tbdress.com/images/product/2/2061/2061640_9.jpg

531019913,product,http://s.tbdress.com/images/product/10/10191/10191315_1.jpg

531019914,product,http://s.tbdress.com/images/product/9/9690/9690841_1.jpg

531019915,product,http://s.tbdress.com/images/product/3/3812/3812586_1.jpg

531019916,product,http://s.tbdress.com/images/product/8/8883/8883406_1.jpg

531019917,product,http://s.tbdress.com/images/product/9/9647/9647191_5.jpg

531019918,product,http://s.tbdress.com/images/product/9/9654/9654547_1.jpg

531019919,product,http://s.tbdress.com/images/product/10/10189/10189868_1.jpg

531019920,product,http://s.tbdress.com/images/product/8/8887/8887849_1.jpg

531019921,product,http://s.tbdress.com/images/product/8/8887/8887586_1.jpg

531019922,product,http://s.tbdress.com/images/product/10/10161/10161586_1.jpg

531019923,product,http://s.tbdress.com/images/product/9/9675/9675008_1.jpg

531019924,product,http://s.tbdress.com/images/product/9/9674/9674967_1.jpg

531019925,product,http://s.tbdress.com/images/product/9/9683/9683966_9.jpg

531019926,product,http://s.tbdress.com/images/product/8/8883/8883565_1.jpg

531019927,product,http://s.tbdress.com/images/product/10/10570/10570755_1.jpg

531019928,product,http://s.tbdress.com/images/product/10/10469/10469450_2.jpg

531019929,product,http://s.tbdress.com/images/product/10/10475/10475602_1.jpg

531019930,product,http://s.tbdress.com/images/product/10/10189/10189639_1.jpg

531019931,product,http://s.tbdress.com/images/product/10/10570/10570751_1.jpg

531019932,product,http://s.tbdress.com/images/product/9/9652/9652950_1.jpg

531019933,product,http://s.tbdress.com/images/product/9/9654/9654541_1.jpg

531019934,product,http://s.tbdress.com/images/product/0/364/

531019935,product,http://s.tbdress.com/images/product/9/9891/9891589_9.jpg

531019936,product,http://s.tbdress.com/images/product/1/1822/1822354_1.jpg

531019937,product,http://s.tbdress.com/images/product/1/1801/1801592_1.jpg

531019938,product,http://s.tbdress.com/images/product/10/10883/10883584_1.jpg

531019939,product,http://s.tbdress.com/images/product/10/10883/10883583_8.jpg

531019940,product,http://s.tbdress.com/images/product/10/10883/10883582_1.jpg

531019941,product,http://s.tbdress.com/images/product/10/10883/10883581_1.jpg

531019942,product,http://s.tbdress.com/images/product/10/10883/10883580_1.jpg

531019943,product,http://s.tbdress.com/images/product/10/10883/10883579_1.jpg

531019944,product,http://s.tbdress.com/images/product/10/10883/10883578_1.jpg

531019945,product,http://s.tbdress.com/images/product/10/10883/10883577_1.jpg

531019946,product,http://s.tbdress.com/images/product/10/10883/10883576_1.jpg

531019947,product,http://s.tbdress.com/images/product/10/10883/10883575_1.jpg

531019948,product,http://s.tbdress.com/images/product/10/10883/10883574_1.jpg

531019949,product,http://s.tbdress.com/images/product/10/10883/10883550_1.jpg

531019950,product,http://s.tbdress.com/images/product/10/10883/10883531_2.jpg

531019951,product,http://s.tbdress.com/images/product/10/10883/10883015_7.jpg

531019952,product,http://s.tbdress.com/images/product/10/10882/10882931_6.jpg

531019953,product,http://s.tbdress.com/images/product/10/10882/10882831_8.jpg

531019954,product,http://s.tbdress.com/images/product/10/10882/10882790_1.jpg

531019955,product,http://s.tbdress.com/images/product/10/10882/10882786_1.jpg

531019956,product,http://s.tbdress.com/images/product/10/10882/10882785_1.jpg

531019957,product,http://s.tbdress.com/images/product/10/10185/10185357_1.jpg

531019958,product,http://s.tbdress.com/images/product/3/3830/3830268_1.jpg

531019959,product,http://s.tbdress.com/images/product/1/1812/

531019960,product,http://s.tbdress.com/images/product/10/10882/10882784_1.jpg

531019961,product,http://s.tbdress.com/images/product/10/10882/10882782_1.jpg

531019962,product,http://s.tbdress.com/images/product/10/10882/10882622_3.jpg

531019963,product,http://s.tbdress.com/images/product/10/10882/10882621_1.jpg

531019964,product,http://s.tbdress.com/images/product/10/10882/10882620_2.jpg

531019965,product,http://s.tbdress.com/images/product/10/10882/10882607_1.jpg

531019966,product,http://s.tbdress.com/images/product/10/10882/10882519_2.jpg

531019967,product,http://s.tbdress.com/images/product/10/10882/10882413_1.jpg

531019968,product,http://s.tbdress.com/images/product/10/10882/10882408_4.jpg

531019969,product,http://s.tbdress.com/images/product/10/10882/10882406_1.jpg

531019970,product,http://s.tbdress.com/images/product/10/10882/10882400_1.jpg

531019971,product,http://s.tbdress.com/images/product/10/10882/10882399_1.jpg

531019972,product,http://s.tbdress.com/images/product/10/10882/10882398_1.jpg

531019973,product,http://s.tbdress.com/images/product/10/10882/10882397_1.jpg

531019974,product,http://s.tbdress.com/images/product/10/10882/10882396_1.jpg

531019975,product,http://s.tbdress.com/images/product/10/10882/10882395_1.jpg

531019976,product,http://s.tbdress.com/images/product/10/10882/10882393_1.jpg

531019977,product,http://s.tbdress.com/images/product/9/9642/9642313_1.jpg

531019978,product,http://s.tbdress.com/images/product/10/10882/10882391_4.jpg

531019979,product,http://s.tbdress.com/images/product/10/10882/10882390_1.jpg

531019980,product,http://s.tbdress.com/images/product/10/10882/10882388_3.jpg

531019981,product,http://s.tbdress.com/images/product/10/10880/10880790_7.jpg

531019982,product,http://s.tbdress.com/images/product/10/10880/10880789_1.jpg

531019983,product,http://s.tbdress.com/images/product/10/10880/10880788_1.jpg

531019984,product,http://s.tbdress.com/images/product/10/10880/10880787_1.jpg

531019985,product,http://s.tbdress.com/images/product/10/10880/10880786_1.jpg

531019986,product,http://s.tbdress.com/images/product/10/10880/10880785_1.jpg

531019987,product,http://s.tbdress.com/images/product/10/10880/10880784_1.jpg

531019988,product,http://s.tbdress.com/images/product/10/10880/10880783_1.jpg

531019989,product,http://s.tbdress.com/images/product/10/10880/10880782_1.jpg

531019990,product,http://s.tbdress.com/images/product/10/10880/10880582_1.jpg

531019991,product,http://s.tbdress.com/images/product/10/10880/10880581_1.jpg

531019992,product,http://s.tbdress.com/images/product/10/10880/10880580_3.jpg

531019993,product,http://s.tbdress.com/images/product/10/10880/10880579_1.jpg

531019994,product,http://s.tbdress.com/images/product/10/10880/10880578_1.jpg

531019995,product,http://s.tbdress.com/images/product/10/10880/10880577_1.jpg

531019996,product,http://s.tbdress.com/images/product/10/10880/10880573_1.jpg

531019997,product,http://s.tbdress.com/images/product/10/10880/10880550_1.jpg

531019998,product,http://s.tbdress.com/images/product/10/10880/10880549_7.jpg

531019999,product,http://s.tbdress.com/images/product/10/10880/10880548_1.jpg

531020000,product,http://s.tbdress.com/images/product/10/10880/10880547_3.jpg

531020001,product,http://s.tbdress.com/images/product/10/10880/10880546_3.jpg

531020002,product,http://s.tbdress.com/images/product/10/10880/10880545_3.jpg

531020003,product,http://s.tbdress.com/images/product/10/10880/10880544_4.jpg

531020004,product,http://s.tbdress.com/images/product/10/10880/10880543_1.jpg

531020005,product,http://s.tbdress.com/images/product/10/10677/10677587_1.jpg

531020006,product,http://s.tbdress.com/images/product/10/10824/10824226_1.jpg

531020007,product,http://s.tbdress.com/images/product/10/10824/10824225_1.jpg

531020008,product,http://s.tbdress.com/images/product/10/10824/10824224_1.jpg

531020009,product,http://s.tbdress.com/images/product/10/10824/10824223_1.jpg

531020010,product,http://s.tbdress.com/images/product/10/10824/10824209_1.jpg

531020011,product,http://s.tbdress.com/images/product/10/10824/10824207_1.jpg

531020012,product,http://s.tbdress.com/images/product/10/10824/10824206_1.jpg

531020013,product,http://s.tbdress.com/images/product/10/10824/10824205_1.jpg

531020014,product,http://s.tbdress.com/images/product/10/10824/10824204_1.jpg

531020015,product,http://s.tbdress.com/images/product/10/10824/10824203_1.jpg

531020016,product,http://s.tbdress.com/images/product/10/10824/10824202_1.jpg

531020017,product,http://s.tbdress.com/images/product/10/10824/10824201_1.jpg

531020018,product,http://s.tbdress.com/images/product/10/10824/10824200_1.jpg

531020019,product,http://s.tbdress.com/images/product/10/10824/10824199_1.jpg

531020020,product,http://s.tbdress.com/images/product/8/8883/8883570_1.jpg

531020021,product,http://s.tbdress.com/images/product/8/8883/8883198_1.jpg

531020022,product,http://s.tbdress.com/images/product/1/1949/1949518_17.jpg

531020023,product,http://s.tbdress.com/images/product/9/9653/9653030_1.jpg

531020024,product,http://s.tbdress.com/images/product/10/10770/10770389_4.jpg

531020025,product,http://s.tbdress.com/images/product/9/9644/9644497_1.jpg

531020026,product,http://s.tbdress.com/images/product/3/3812/3812582_8.jpg

531020027,product,http://s.tbdress.com/images/product/9/9683/9683934_9.jpg

531020028,product,http://s.tbdress.com/images/product/2/2061/2061514_7.jpg

531020029,product,http://s.tbdress.com/images/product/9/9647/9647238_1.jpg

531020030,product,http://s.tbdress.com/images/product/10/10467/10467202_1.jpg

531020031,product,http://s.tbdress.com/images/product/9/9675/9675020_1.jpg

531020032,product,http://s.tbdress.com/images/product/9/9654/9654533_1.jpg

531020033,product,http://s.tbdress.com/images/product/10/10464/10464872_1.jpg

531020034,product,http://s.tbdress.com/images/product/10/10189/10189879_1.jpg

531020035,product,http://s.tbdress.com/images/product/2/2064/2064616_12.jpg

531020036,product,http://s.tbdress.com/images/product/10/10168/10168847_1.jpg

531020037,product,http://s.tbdress.com/images/product/10/10784/10784590_4.jpg

531020038,product,http://s.tbdress.com/images/product/9/9675/9675004_1.jpg

531020039,product,http://s.tbdress.com/images/product/8/8888/8888102_1.jpg

531020040,product,http://s.tbdress.com/images/product/10/10189/10189514_1.jpg

531020041,product,http://s.tbdress.com/images/product/9/9654/9654402_5.jpg

531020042,product,http://s.tbdress.com/images/product/2/2061/2061909_8.jpg

531020043,product,http://s.tbdress.com/images/product/10/10464/10464867_1.jpg

531020044,product,http://s.tbdress.com/images/product/2/2061/2061509_7.jpg

531020045,product,http://s.tbdress.com/images/product/9/9647/9647250_1.jpg

531020046,product,http://s.tbdress.com/images/product/10/10462/10462477_1.jpg

531020047,product,http://s.tbdress.com/images/product/3/3812/3812604_15.jpg

531020048,product,http://s.tbdress.com/images/product/9/9673/9673908_13.jpg

531020049,product,http://s.tbdress.com/images/product/9/9672/9672440_1.jpg

531020050,product,http://s.tbdress.com/images/product/10/10161/10161597_1.jpg

531020051,product,http://s.tbdress.com/images/product/9/9652/9652967_1.jpg

531020052,product,http://s.tbdress.com/images/product/3/3812/3812631_11.jpg

531020053,product,http://s.tbdress.com/images/product/10/10475/10475474_5.jpg

531020054,product,http://s.tbdress.com/images/product/10/10475/10475589_5.jpg

531020055,product,http://s.tbdress.com/images/product/10/10459/10459562_1.jpg

531020056,product,http://s.tbdress.com/images/product/1/1743/1743129_3.jpg

531020057,product,http://s.tbdress.com/images/product/10/10191/10191366_1.jpg

531020058,product,http://s.tbdress.com/images/product/9/9891/9891564_5.jpg

531020059,product,http://s.tbdress.com/images/product/0/364/364127_1.jpg

531020060,product,http://s.tbdress.com/images/product/10/10458/10458673_1.jpg

531020061,product,http://s.tbdress.com/images/product/10/10160/10160840_1.jpg

531020062,product,http://s.tbdress.com/images/product/10/10430/10430406_1.jpg

531020063,product,http://s.tbdress.com/images/product/10/10498/10498026_2.jpg

531020064,product,http://s.tbdress.com/images/product/1/1822/1822428_1.jpg

531020065,product,http://s.tbdress.com/images/product/1/1812/

531020066,product,http://s.tbdress.com/images/product/9/9642/

531020067,product,http://s.tbdress.com/images/product/10/10497/10497408_1.jpg

531020068,product,http://s.tbdress.com/images/product/10/10880/10880542_4.jpg

531020069,product,http://s.tbdress.com/images/product/10/10880/10880541_2.jpg

531020070,product,http://s.tbdress.com/images/product/10/10880/10880540_1.jpg

531020071,product,http://s.tbdress.com/images/product/10/10880/10880539_7.jpg

531020072,product,http://s.tbdress.com/images/product/10/10677/10677578_1.jpg

531020073,product,http://s.tbdress.com/images/product/10/10677/10677577_1.jpg

531020074,product,http://s.tbdress.com/images/product/10/10880/10880538_2.jpg

531020075,product,http://s.tbdress.com/images/product/10/10880/10880537_2.jpg

531020076,product,http://s.tbdress.com/images/product/10/10880/10880536_2.jpg

531020077,product,http://s.tbdress.com/images/product/10/10880/10880432_2.jpg

531020078,product,http://s.tbdress.com/images/product/10/10880/10880431_4.jpg

531020079,product,http://s.tbdress.com/images/product/10/10880/10880382_1.jpg

531020080,product,http://s.tbdress.com/images/product/10/10880/10880373_1.jpg

531020081,product,http://s.tbdress.com/images/product/10/10880/10880369_1.jpg

531020082,product,http://s.tbdress.com/images/product/10/10880/10880367_1.jpg

531020083,product,http://s.tbdress.com/images/product/10/10880/10880366_1.jpg

531020084,product,http://s.tbdress.com/images/product/10/10880/10880330_3.jpg

531020085,product,http://s.tbdress.com/images/product/10/10880/10880329_1.jpg

531020086,product,http://s.tbdress.com/images/product/10/10880/10880328_3.jpg

531020087,product,http://s.tbdress.com/images/product/10/10880/10880327_1.jpg

531020088,product,http://s.tbdress.com/images/product/10/10880/10880326_1.jpg

531020089,product,http://s.tbdress.com/images/product/10/10880/10880325_1.jpg

531020090,product,http://s.tbdress.com/images/product/10/10880/10880324_2.jpg

531020091,product,http://s.tbdress.com/images/product/10/10880/10880323_1.jpg

531020092,product,http://s.tbdress.com/images/product/10/10824/10824198_1.jpg

531020093,product,http://s.tbdress.com/images/product/10/10824/10824197_1.jpg

531020094,product,http://s.tbdress.com/images/product/10/10824/10824196_1.jpg

531020095,product,http://s.tbdress.com/images/product/10/10824/10824195_1.jpg

531020096,product,http://s.tbdress.com/images/product/10/10824/10824194_1.jpg

531020097,product,http://s.tbdress.com/images/product/10/10824/10824193_1.jpg

531020098,product,http://s.tbdress.com/images/product/10/10796/10796579_1.jpg

531020099,product,http://s.tbdress.com/images/product/10/10796/10796578_1.jpg

531020100,product,http://s.tbdress.com/images/product/10/10796/10796577_1.jpg

531020101,product,http://s.tbdress.com/images/product/10/10796/10796576_1.jpg

531020102,product,http://s.tbdress.com/images/product/10/10796/10796575_1.jpg

531020103,product,http://s.tbdress.com/images/product/10/10796/10796574_1.jpg

531020104,product,http://s.tbdress.com/images/product/10/10796/10796573_1.jpg

531020105,product,http://s.tbdress.com/images/product/9/9642/9642370_1.jpg

531020106,product,http://s.tbdress.com/images/product/10/10880/10880322_1.jpg

531020107,product,http://s.tbdress.com/images/product/10/10880/10880321_1.jpg

531020108,product,http://s.tbdress.com/images/product/10/10880/10880320_3.jpg

531020109,product,http://s.tbdress.com/images/product/10/10880/10880267_4.jpg

531020110,product,http://s.tbdress.com/images/product/9/9674/9674996_1.jpg

531020111,product,http://s.tbdress.com/images/product/10/10191/10191418_1.jpg

531020112,product,http://s.tbdress.com/images/product/3/3819/3819231_7.jpg

531020113,product,http://s.tbdress.com/images/product/9/9675/9675017_1.jpg

531020114,product,http://s.tbdress.com/images/product/10/10459/10459592_1.jpg

531020115,product,http://s.tbdress.com/images/product/10/10582/10582808_1.jpg

531020116,product,http://s.tbdress.com/images/product/10/10411/10411758_1.jpg

531020117,product,http://s.tbdress.com/images/product/9/9675/9675011_1.jpg

531020118,product,http://s.tbdress.com/images/product/8/8883/8883218_1.jpg

531020119,product,http://s.tbdress.com/images/product/1/1954/1954261_11.jpg

531020120,product,http://s.tbdress.com/images/product/3/3819/3819235_10.jpg

531020121,product,http://s.tbdress.com/images/product/10/10455/10455248_1.jpg

531020122,product,http://s.tbdress.com/images/product/9/9644/9644505_1.jpg

531020123,product,http://s.tbdress.com/images/product/10/10413/10413131_1.jpg

531020124,product,http://s.tbdress.com/images/product/10/10879/10879148_7.jpg

531020125,product,http://s.tbdress.com/images/product/10/10878/10878688_1.jpg

531020126,product,http://s.tbdress.com/images/product/10/10878/10878631_1.jpg

531020127,product,http://s.tbdress.com/images/product/10/10878/10878548_3.jpg

531020128,product,http://s.tbdress.com/images/product/10/10878/10878458_3.jpg

531020129,product,http://s.tbdress.com/images/product/10/10878/10878416_5.jpg

531020130,product,http://s.tbdress.com/images/product/10/10877/10877808_4.jpg

531020131,product,http://s.tbdress.com/images/product/10/10877/10877661_2.jpg

531020132,product,http://s.tbdress.com/images/product/10/10877/10877660_1.jpg

531020133,product,http://s.tbdress.com/images/product/10/10877/10877659_1.jpg

531020134,product,http://s.tbdress.com/images/product/10/10877/10877475_1.jpg

531020135,product,http://s.tbdress.com/images/product/10/10877/10877259_1.jpg

531020136,product,http://s.tbdress.com/images/product/10/10877/10877258_1.jpg

531020137,product,http://s.tbdress.com/images/product/10/10161/10161607_1.jpg

531020138,product,http://s.tbdress.com/images/product/9/9644/9644439_1.jpg

531020139,product,http://s.tbdress.com/images/product/8/8887/8887596_1.jpg

531020140,product,http://s.tbdress.com/images/product/9/9654/9654476_1.jpg

531020141,product,http://s.tbdress.com/images/product/2/2064/2064784_12.jpg

531020142,product,http://s.tbdress.com/images/product/9/9670/9670829_5.jpg

531020143,product,http://s.tbdress.com/images/product/9/9652/9652945_1.jpg

531020144,product,http://s.tbdress.com/images/product/10/10568/10568647_1.jpg

531020145,product,http://s.tbdress.com/images/product/10/10168/10168917_1.jpg

531020146,product,http://s.tbdress.com/images/product/8/8887/8887712_1.jpg

531020147,product,http://s.tbdress.com/images/product/1/1812/1812914_1.jpg

531020148,product,http://s.tbdress.com/images/product/9/9654/9654387_1.jpg

531020149,product,http://s.tbdress.com/images/product/3/3812/3812550_4.jpg

531020150,product,http://s.tbdress.com/images/product/1/1743/1743125_3.jpg

531020151,product,http://s.tbdress.com/images/product/3/3819/3819175_11.jpg

531020152,product,http://s.tbdress.com/images/product/2/2064/2064712_13.jpg

531020153,product,http://s.tbdress.com/images/product/2/2065/2065001_12.jpg

531020154,product,http://s.tbdress.com/images/product/8/8883/8883089_1.jpg

531020155,product,http://s.tbdress.com/images/product/9/9683/9683506_10.jpg

531020156,product,http://s.tbdress.com/images/product/9/9683/9683949_9.jpg

531020157,product,http://s.tbdress.com/images/product/9/9686/9686889_5.jpg

531020158,product,http://s.tbdress.com/images/product/10/10168/10168795_1.jpg

531020159,product,http://s.tbdress.com/images/product/9/9686/9686932_5.jpg

531020160,product,http://s.tbdress.com/images/product/8/8883/8883518_1.jpg

531020161,product,http://s.tbdress.com/images/product/3/3812/3812265_1.jpg

531020162,product,http://s.tbdress.com/images/product/10/10498/10498066_3.jpg

531020163,product,http://s.tbdress.com/images/product/1/1801/1801603_1.jpg

531020164,product,http://s.tbdress.com/images/product/1/1973/1973775_3.jpg

531020165,product,http://s.tbdress.com/images/product/10/10402/10402624_1.jpg

531020166,product,http://s.tbdress.com/images/product/10/10183/10183575_1.jpg

531020167,product,http://s.tbdress.com/images/product/10/10187/

531020168,product,http://s.tbdress.com/images/product/10/10459/10459063_1.jpg

531020169,product,http://s.tbdress.com/images/product/10/10404/10404652_1.jpg

531020170,product,http://s.tbdress.com/images/product/1/1812/

531020171,product,http://s.tbdress.com/images/product/1/1821/1821268_1.jpg

531020172,product,http://s.tbdress.com/images/product/1/1973/1973584_1.jpg

531020173,product,http://s.tbdress.com/images/product/10/10677/10677576_1.jpg

531020174,product,http://s.tbdress.com/images/product/10/10796/10796572_1.jpg

531020175,product,http://s.tbdress.com/images/product/10/10796/10796571_1.jpg

531020176,product,http://s.tbdress.com/images/product/10/10796/10796570_1.jpg

531020177,product,http://s.tbdress.com/images/product/10/10796/10796569_1.jpg

531020178,product,http://s.tbdress.com/images/product/10/10796/10796568_1.jpg

531020179,product,http://s.tbdress.com/images/product/10/10796/10796567_1.jpg

531020180,product,http://s.tbdress.com/images/product/10/10796/10796566_1.jpg

531020181,product,http://s.tbdress.com/images/product/10/10796/10796564_1.jpg

531020182,product,http://s.tbdress.com/images/product/10/10796/10796563_1.jpg

531020183,product,http://s.tbdress.com/images/product/10/10796/10796562_1.jpg

531020184,product,http://s.tbdress.com/images/product/10/10796/10796561_3.jpg

531020185,product,http://s.tbdress.com/images/product/10/10796/10796560_1.jpg

531020186,product,http://s.tbdress.com/images/product/10/10796/10796559_1.jpg

531020187,product,http://s.tbdress.com/images/product/10/10796/10796558_1.jpg

531020188,product,http://s.tbdress.com/images/product/10/10462/10462527_1.jpg

531020189,product,http://s.tbdress.com/images/product/2/2061/2061617_9.jpg

531020190,product,http://s.tbdress.com/images/product/3/3819/3819154_1.jpg

531020191,product,http://s.tbdress.com/images/product/9/9653/9653031_5.jpg

531020192,product,http://s.tbdress.com/images/product/10/10570/10570792_1.jpg

531020193,product,http://s.tbdress.com/images/product/10/10462/10462631_1.jpg

531020194,product,http://s.tbdress.com/images/product/9/9644/9644494_12.jpg

531020195,product,http://s.tbdress.com/images/product/8/8883/8883576_1.jpg

531020196,product,http://s.tbdress.com/images/product/2/2064/2064611_8.jpg

531020197,product,http://s.tbdress.com/images/product/10/10462/10462624_1.jpg

531020198,product,http://s.tbdress.com/images/product/8/8883/8883568_1.jpg

531020199,product,http://s.tbdress.com/images/product/3/3819/3819237_5.jpg

531020200,product,http://s.tbdress.com/images/product/10/10462/10462629_1.jpg

531020201,product,http://s.tbdress.com/images/product/9/9653/9653028_2.jpg

531020202,product,http://s.tbdress.com/images/product/2/2064/2064841_14.jpg

531020203,product,http://s.tbdress.com/images/product/1/1949/1949715_15.jpg

531020204,product,http://s.tbdress.com/images/product/9/9686/9686886_1.jpg

531020205,product,http://s.tbdress.com/images/product/8/8887/8887578_1.jpg

531020206,product,http://s.tbdress.com/images/product/9/9664/9664555_1.jpg

531020207,product,http://s.tbdress.com/images/product/1/1796/1796050_2.jpg

531020208,product,http://s.tbdress.com/images/product/10/10462/10462746_3.jpg

531020209,product,http://s.tbdress.com/images/product/10/10459/10459558_1.jpg

531020210,product,http://s.tbdress.com/images/product/9/9647/9647227_1.jpg

531020211,product,http://s.tbdress.com/images/product/0/366/366877_1.jpg

531020212,product,http://s.tbdress.com/images/product/9/9683/9683921_5.jpg

531020213,product,http://s.tbdress.com/images/product/3/3812/3812680_7.jpg

531020214,product,http://s.tbdress.com/images/product/8/8883/8883525_1.jpg

531020215,product,http://s.tbdress.com/images/product/10/10193/10193486_1.jpg

531020216,product,http://s.tbdress.com/images/product/8/8887/8887594_1.jpg

531020217,product,http://s.tbdress.com/images/product/9/9298/9298539_5.jpg

531020218,product,http://s.tbdress.com/images/product/9/9673/9673899_1.jpg

531020219,product,http://s.tbdress.com/images/product/10/10638/10638275_2.jpg

531020220,product,http://s.tbdress.com/images/product/10/10189/10189630_1.jpg

531020221,product,http://s.tbdress.com/images/product/10/10459/10459605_1.jpg

531020222,product,http://s.tbdress.com/images/product/10/10466/10466834_5.jpg

531020223,product,http://s.tbdress.com/images/product/10/10469/10469457_3.jpg

531020224,product,http://s.tbdress.com/images/product/9/9644/9644393_1.jpg

531020225,product,http://s.tbdress.com/images/product/2/2069/2069267_1.jpg

531020226,product,http://s.tbdress.com/images/product/10/10430/10430348_1.jpg

531020227,product,http://s.tbdress.com/images/product/1/1812/1812562_1.jpg

531020228,product,http://s.tbdress.com/images/product/3/3830/3830269_1.jpg

531020229,product,http://s.tbdress.com/images/product/1/1821/1821365_3.jpg

531020230,product,http://s.tbdress.com/images/product/1/1812/

531020231,product,http://s.tbdress.com/images/product/10/10183/10183469_4.jpg

531020232,product,http://s.tbdress.com/images/product/10/10166/10166103_4.jpg

531020233,product,http://s.tbdress.com/images/product/1/1822/1822632_1.jpg

531020234,product,http://s.tbdress.com/images/product/10/10877/10877257_1.jpg

531020235,product,http://s.tbdress.com/images/product/10/10877/10877256_1.jpg

531020236,product,http://s.tbdress.com/images/product/10/10877/10877255_1.jpg

531020237,product,http://s.tbdress.com/images/product/10/10877/10877254_1.jpg

531020238,product,http://s.tbdress.com/images/product/10/10877/10877253_1.jpg

531020239,product,http://s.tbdress.com/images/product/10/10877/10877251_1.jpg

531020240,product,http://s.tbdress.com/images/product/10/10877/10877249_1.jpg

531020241,product,http://s.tbdress.com/images/product/10/10877/10877248_1.jpg

531020242,product,http://s.tbdress.com/images/product/10/10877/10877247_1.jpg

531020243,product,http://s.tbdress.com/images/product/10/10877/10877246_1.jpg

531020244,product,http://s.tbdress.com/images/product/10/10877/10877245_1.jpg

531020245,product,http://s.tbdress.com/images/product/10/10877/10877244_1.jpg

531020246,product,http://s.tbdress.com/images/product/10/10877/10877243_1.jpg

531020247,product,http://s.tbdress.com/images/product/10/10877/10877242_1.jpg

531020248,product,http://s.tbdress.com/images/product/10/10877/10877241_1.jpg

531020249,product,http://s.tbdress.com/images/product/10/10877/10877240_1.jpg

531020250,product,http://s.tbdress.com/images/product/10/10877/10877239_1.jpg

531020251,product,http://s.tbdress.com/images/product/10/10875/10875647_1.jpg

531020252,product,http://s.tbdress.com/images/product/10/10875/10875646_1.jpg

531020253,product,http://s.tbdress.com/images/product/10/10796/10796557_1.jpg

531020254,product,http://s.tbdress.com/images/product/10/10796/10796556_1.jpg

531020255,product,http://s.tbdress.com/images/product/10/10796/10796555_2.jpg

531020256,product,http://s.tbdress.com/images/product/10/10796/10796554_1.jpg

531020257,product,http://s.tbdress.com/images/product/10/10796/10796553_1.jpg

531020258,product,http://s.tbdress.com/images/product/10/10796/10796552_1.jpg

531020259,product,http://s.tbdress.com/images/product/10/10796/10796551_1.jpg

531020260,product,http://s.tbdress.com/images/product/10/10796/10796550_1.jpg

531020261,product,http://s.tbdress.com/images/product/10/10796/10796549_1.jpg

531020262,product,http://s.tbdress.com/images/product/10/10796/10796548_1.jpg

531020263,product,http://s.tbdress.com/images/product/10/10796/10796547_1.jpg

531020264,product,http://s.tbdress.com/images/product/10/10796/10796546_1.jpg

531020265,product,http://s.tbdress.com/images/product/10/10796/10796545_1.jpg

531020266,product,http://s.tbdress.com/images/product/3/3819/3819240_11.jpg

531020267,product,http://s.tbdress.com/images/product/10/10769/10769817_12.jpg

531020268,product,http://s.tbdress.com/images/product/9/9654/9654537_9.jpg

531020269,product,http://s.tbdress.com/images/product/9/9674/9674997_1.jpg

531020270,product,http://s.tbdress.com/images/product/10/10462/10462625_1.jpg

531020271,product,http://s.tbdress.com/images/product/3/3819/3819226_9.jpg

531020272,product,http://s.tbdress.com/images/product/1/1949/1949520_9.jpg

531020273,product,http://s.tbdress.com/images/product/3/3819/3819254_8.jpg

531020274,product,http://s.tbdress.com/images/product/2/2061/2061620_5.jpg

531020275,product,http://s.tbdress.com/images/product/10/10582/10582744_1.jpg

531020276,product,http://s.tbdress.com/images/product/10/10770/10770378_12.jpg

531020277,product,http://s.tbdress.com/images/product/10/10638/10638252_2.jpg

531020278,product,http://s.tbdress.com/images/product/3/3819/3819181_7.jpg

531020279,product,http://s.tbdress.com/images/product/9/9654/9654556_1.jpg

531020280,product,http://s.tbdress.com/images/product/9/9645/9645311_1.jpg

531020281,product,http://s.tbdress.com/images/product/9/9647/9647240_1.jpg

531020282,product,http://s.tbdress.com/images/product/1/1949/1949579_11.jpg

531020283,product,http://s.tbdress.com/images/product/10/10873/10873523_2.jpg

531020284,product,http://s.tbdress.com/images/product/9/9647/9647222_1.jpg

531020285,product,http://s.tbdress.com/images/product/10/10168/10168804_1.jpg

531020286,product,http://s.tbdress.com/images/product/10/10469/10469467_1.jpg

531020287,product,http://s.tbdress.com/images/product/9/9647/9647187_2.jpg

531020288,product,http://s.tbdress.com/images/product/10/10466/10466840_1.jpg

531020289,product,http://s.tbdress.com/images/product/8/8883/8883478_5.jpg

531020290,product,http://s.tbdress.com/images/product/2/2064/2064570_9.jpg

531020291,product,http://s.tbdress.com/images/product/8/8883/8883233_1.jpg

531020292,product,http://s.tbdress.com/images/product/1/1949/1949510_8.jpg

531020293,product,http://s.tbdress.com/images/product/10/10475/10475502_1.jpg

531020294,product,http://s.tbdress.com/images/product/8/8883/8883075_1.jpg

531020295,product,http://s.tbdress.com/images/product/8/8888/8888070_1.jpg

531020296,product,http://s.tbdress.com/images/product/9/9686/9686892_5.jpg

531020297,product,http://s.tbdress.com/images/product/2/2064/2064359_6.jpg

531020298,product,http://s.tbdress.com/images/product/1/1949/1949920_4.jpg

531020299,product,http://s.tbdress.com/images/product/10/10191/10191940_5.jpg

531020300,product,http://s.tbdress.com/images/product/8/8888/8888328_1.jpg

531020301,product,http://s.tbdress.com/images/product/10/10875/10875644_1.jpg

531020302,product,http://s.tbdress.com/images/product/10/10875/10875643_1.jpg

531020303,product,http://s.tbdress.com/images/product/10/10873/10873773_7.jpg

531020304,product,http://s.tbdress.com/images/product/10/10873/10873766_2.jpg

531020305,product,http://s.tbdress.com/images/product/10/10873/10873639_4.jpg

531020306,product,http://s.tbdress.com/images/product/10/10873/10873617_1.jpg

531020307,product,http://s.tbdress.com/images/product/10/10872/10872997_1.jpg

531020308,product,http://s.tbdress.com/images/product/10/10872/10872996_3.jpg

531020309,product,http://s.tbdress.com/images/product/10/10872/10872995_1.jpg

531020310,product,http://s.tbdress.com/images/product/10/10872/10872994_2.jpg

531020311,product,http://s.tbdress.com/images/product/10/10872/10872992_1.jpg

531020312,product,http://s.tbdress.com/images/product/10/10872/10872991_2.jpg

531020313,product,http://s.tbdress.com/images/product/10/10872/10872990_1.jpg

531020314,product,http://s.tbdress.com/images/product/10/10872/10872957_7.jpg

531020315,product,http://s.tbdress.com/images/product/10/10872/10872702_4.jpg

531020316,product,http://s.tbdress.com/images/product/10/10872/10872700_1.jpg

531020317,product,http://s.tbdress.com/images/product/3/3830/3830182_2.jpg

531020318,product,http://s.tbdress.com/images/product/1/1821/1821253_1.jpg

531020319,product,http://s.tbdress.com/images/product/10/10183/10183579_1.jpg

531020320,product,http://s.tbdress.com/images/product/10/10434/10434253_1.jpg

531020321,product,http://s.tbdress.com/images/product/10/10458/10458518_1.jpg

531020322,product,http://s.tbdress.com/images/product/10/10183/

531020323,product,http://s.tbdress.com/images/product/10/10160/10160815_1.jpg

531020324,product,http://s.tbdress.com/images/product/1/1973/1973777_1.jpg

531020325,product,http://s.tbdress.com/images/product/3/3812/3812251_2.jpg

531020326,product,http://s.tbdress.com/images/product/10/10459/10459006_1.jpg

531020327,product,http://s.tbdress.com/images/product/1/1973/1973788_1.jpg

531020328,product,http://s.tbdress.com/images/product/8/8882/8882512_1.jpg

531020329,product,http://s.tbdress.com/images/product/10/10532/10532893_1.jpg

531020330,product,http://s.tbdress.com/images/product/2/2029/2029230_8.jpg

531020331,product,http://s.tbdress.com/images/product/10/10526/10526041_1.jpg

531020332,product,http://s.tbdress.com/images/product/8/8886/8886878_4.jpg

531020333,product,http://s.tbdress.com/images/product/10/10458/10458933_9.jpg

531020334,product,http://s.tbdress.com/images/product/9/9685/9685101_2.jpg

531020335,product,http://s.tbdress.com/images/product/8/8886/8886872_4.jpg

531020336,product,http://s.tbdress.com/images/product/9/9642/

531020337,product,http://s.tbdress.com/images/product/1/1801/1801647_1.jpg

531020338,product,http://s.tbdress.com/images/product/3/3818/3818857_11.jpg

531020339,product,http://s.tbdress.com/images/product/3/3818/3818870_12.jpg

531020340,product,http://s.tbdress.com/images/product/8/8886/8886834_4.jpg

531020341,product,http://s.tbdress.com/images/product/10/10510/10510821_1.jpg

531020342,product,http://s.tbdress.com/images/product/10/10458/10458800_1.jpg

531020343,product,http://s.tbdress.com/images/product/8/8886/8886787_8.jpg

531020344,product,http://s.tbdress.com/images/product/9/9647/9647209_5.jpg

531020345,product,http://s.tbdress.com/images/product/3/3812/3812591_12.jpg

531020346,product,http://s.tbdress.com/images/product/1/1949/1949511_7.jpg

531020347,product,http://s.tbdress.com/images/product/1/1949/1949595_5.jpg

531020348,product,http://s.tbdress.com/images/product/10/10464/10464093_1.jpg

531020349,product,http://s.tbdress.com/images/product/10/10582/10582788_1.jpg

531020350,product,http://s.tbdress.com/images/product/3/3819/3819169_12.jpg

531020351,product,http://s.tbdress.com/images/product/10/10169/10169046_2.jpg

531020352,product,http://s.tbdress.com/images/product/10/10570/10570750_1.jpg

531020353,product,http://s.tbdress.com/images/product/9/9647/9647215_1.jpg

531020354,product,http://s.tbdress.com/images/product/9/9670/9670794_5.jpg

531020355,product,http://s.tbdress.com/images/product/9/9647/9647246_1.jpg

531020356,product,http://s.tbdress.com/images/product/10/10411/10411773_1.jpg

531020357,product,http://s.tbdress.com/images/product/3/3819/3819173_16.jpg

531020358,product,http://s.tbdress.com/images/product/8/8883/8883150_8.jpg

531020359,product,http://s.tbdress.com/images/product/1/1949/1949628_1.jpg

531020360,product,http://s.tbdress.com/images/product/8/8883/8883279_11.jpg

531020361,product,http://s.tbdress.com/images/product/1/1949/1949617_1.jpg

531020362,product,http://s.tbdress.com/images/product/8/8883/8883471_1.jpg

531020363,product,http://s.tbdress.com/images/product/10/10770/10770379_10.jpg

531020364,product,http://s.tbdress.com/images/product/3/3819/3819178_2.jpg

531020365,product,http://s.tbdress.com/images/product/1/1949/1949675_1.jpg

531020366,product,http://s.tbdress.com/images/product/8/8887/8887828_3.jpg

531020367,product,http://s.tbdress.com/images/product/8/8888/8888151_4.jpg

531020368,product,http://s.tbdress.com/images/product/10/10168/10168898_1.jpg

531020369,product,http://s.tbdress.com/images/product/9/9647/9647193_3.jpg

531020370,product,http://s.tbdress.com/images/product/8/8883/8883479_1.jpg

531020371,product,http://s.tbdress.com/images/product/9/9644/9644414_1.jpg

531020372,product,http://s.tbdress.com/images/product/9/9672/9672457_1.jpg

531020373,product,http://s.tbdress.com/images/product/2/2064/2064885_8.jpg

531020374,product,http://s.tbdress.com/images/product/9/9647/9647140_5.jpg

531020375,product,http://s.tbdress.com/images/product/9/9674/9674949_1.jpg

531020376,product,http://s.tbdress.com/images/product/9/9654/9654334_9.jpg

531020377,product,http://s.tbdress.com/images/product/2/2064/2064527_5.jpg

531020378,product,http://s.tbdress.com/images/product/1/1949/1949688_11.jpg

531020379,product,http://s.tbdress.com/images/product/8/8883/8883122_10.jpg

531020380,product,http://s.tbdress.com/images/product/3/3812/3812626_9.jpg

531020381,product,http://s.tbdress.com/images/product/10/10459/10459635_1.jpg

531020382,product,http://s.tbdress.com/images/product/9/9642/

531020383,product,http://s.tbdress.com/images/product/1/1812/1812364_1.jpg

531020384,product,http://s.tbdress.com/images/product/10/10872/10872693_1.jpg

531020385,product,http://s.tbdress.com/images/product/10/10872/10872692_1.jpg

531020386,product,http://s.tbdress.com/images/product/10/10872/10872691_9.jpg

531020387,product,http://s.tbdress.com/images/product/10/10872/10872690_4.jpg

531020388,product,http://s.tbdress.com/images/product/10/10872/10872689_7.jpg

531020389,product,http://s.tbdress.com/images/product/10/10872/10872688_1.jpg

531020390,product,http://s.tbdress.com/images/product/10/10872/10872687_1.jpg

531020391,product,http://s.tbdress.com/images/product/10/10872/10872686_1.jpg

531020392,product,http://s.tbdress.com/images/product/10/10872/10872685_1.jpg

531020393,product,http://s.tbdress.com/images/product/10/10458/10458647_1.jpg

531020394,product,http://s.tbdress.com/images/product/1/1822/1822562_1.jpg

531020395,product,http://s.tbdress.com/images/product/10/10183/10183435_1.jpg

531020396,product,http://s.tbdress.com/images/product/1/1973/1973796_1.jpg

531020397,product,http://s.tbdress.com/images/product/10/10498/10498031_1.jpg

531020398,product,http://s.tbdress.com/images/product/10/10872/10872699_1.jpg

531020399,product,http://s.tbdress.com/images/product/10/10872/10872698_1.jpg

531020400,product,http://s.tbdress.com/images/product/10/10872/10872697_1.jpg

531020401,product,http://s.tbdress.com/images/product/10/10872/10872696_1.jpg

531020402,product,http://s.tbdress.com/images/product/10/10872/10872695_1.jpg

531020403,product,http://s.tbdress.com/images/product/10/10872/10872694_1.jpg

531020404,product,http://s.tbdress.com/images/product/10/10872/10872683_2.jpg

531020405,product,http://s.tbdress.com/images/product/10/10872/10872682_1.jpg

531020406,product,http://s.tbdress.com/images/product/10/10872/10872681_1.jpg

531020407,product,http://s.tbdress.com/images/product/10/10871/10871372_2.jpg

531020408,product,http://s.tbdress.com/images/product/10/10871/10871178_1.jpg

531020409,product,http://s.tbdress.com/images/product/10/10871/10871174_1.jpg

531020410,product,http://s.tbdress.com/images/product/10/10871/10871172_1.jpg

531020411,product,http://s.tbdress.com/images/product/10/10871/10871171_1.jpg

531020412,product,http://s.tbdress.com/images/product/9/9685/9685086_1.jpg

531020413,product,http://s.tbdress.com/images/product/10/10171/10171491_1.jpg

531020414,product,http://s.tbdress.com/images/product/8/8886/8886807_1.jpg

531020415,product,http://s.tbdress.com/images/product/10/10075/10075880_1.jpg

531020416,product,http://s.tbdress.com/images/product/9/9685/9685089_1.jpg

531020417,product,http://s.tbdress.com/images/product/9/9685/9685098_1.jpg

531020418,product,http://s.tbdress.com/images/product/10/10458/10458806_8.jpg

531020419,product,http://s.tbdress.com/images/product/8/8886/8886835_1.jpg

531020420,product,http://s.tbdress.com/images/product/10/10411/10411811_1.jpg

531020421,product,http://s.tbdress.com/images/product/8/8886/8886751_3.jpg

531020422,product,http://s.tbdress.com/images/product/2/2029/2029196_9.jpg

531020423,product,http://s.tbdress.com/images/product/9/9690/9690739_1.jpg

531020424,product,http://s.tbdress.com/images/product/8/8886/8886912_1.jpg

531020425,product,http://s.tbdress.com/images/product/8/8883/8883046_1.jpg

531020426,product,http://s.tbdress.com/images/product/8/8888/8888094_1.jpg

531020427,product,http://s.tbdress.com/images/product/1/1949/1949674_6.jpg

531020428,product,http://s.tbdress.com/images/product/10/10411/10411794_1.jpg

531020429,product,http://s.tbdress.com/images/product/3/3819/3819253_6.jpg

531020430,product,http://s.tbdress.com/images/product/9/9647/9647204_5.jpg

531020431,product,http://s.tbdress.com/images/product/9/9670/9670795_1.jpg

531020432,product,http://s.tbdress.com/images/product/10/10169/10169002_1.jpg

531020433,product,http://s.tbdress.com/images/product/8/8886/8886532_1.jpg

531020434,product,http://s.tbdress.com/images/product/2/2064/2064608_9.jpg

531020435,product,http://s.tbdress.com/images/product/10/10161/10161577_1.jpg

531020436,product,http://s.tbdress.com/images/product/9/9683/9683754_9.jpg

531020437,product,http://s.tbdress.com/images/product/3/3819/3819182_6.jpg

531020438,product,http://s.tbdress.com/images/product/3/3819/3819191_11.jpg

531020439,product,http://s.tbdress.com/images/product/3/3819/3819238_11.jpg

531020440,product,http://s.tbdress.com/images/product/8/8883/8883476_1.jpg

531020441,product,http://s.tbdress.com/images/product/10/10413/10413145_1.jpg

531020442,product,http://s.tbdress.com/images/product/10/10455/10455254_1.jpg

531020443,product,http://s.tbdress.com/images/product/8/8883/8883363_8.jpg

531020444,product,http://s.tbdress.com/images/product/9/9647/9647219_1.jpg

531020445,product,http://s.tbdress.com/images/product/10/10168/10168932_1.jpg

531020446,product,http://s.tbdress.com/images/product/9/9690/9690838_1.jpg

531020447,product,http://s.tbdress.com/images/product/8/8888/8888082_1.jpg

531020448,product,http://s.tbdress.com/images/product/9/9670/9670830_5.jpg

531020449,product,http://s.tbdress.com/images/product/8/8883/8883535_7.jpg

531020450,product,http://s.tbdress.com/images/product/8/8883/8883557_1.jpg

531020451,product,http://s.tbdress.com/images/product/10/10168/10168997_1.jpg

531020452,product,http://s.tbdress.com/images/product/10/10191/10191946_1.jpg

531020453,product,http://s.tbdress.com/images/product/10/10168/10168945_1.jpg

531020454,product,http://s.tbdress.com/images/product/8/8883/8883080_1.jpg

531020455,product,http://s.tbdress.com/images/product/10/10189/10189534_1.jpg

531020456,product,http://s.tbdress.com/images/product/10/10189/10189734_1.jpg

531020457,product,http://s.tbdress.com/images/product/10/10466/10466815_1.jpg

531020458,product,http://s.tbdress.com/images/product/10/10411/10411799_1.jpg

531020459,product,http://s.tbdress.com/images/product/3/3812/3812611_11.jpg

531020460,product,http://s.tbdress.com/images/product/10/10189/10189655_1.jpg

531020461,product,http://s.tbdress.com/images/product/9/9298/9298532_11.jpg

531020462,product,http://s.tbdress.com/images/product/10/10582/10582789_1.jpg

531020463,product,http://s.tbdress.com/images/product/1/1812/

531020464,product,http://s.tbdress.com/images/product/1/1822/1822359_1.jpg

531020465,product,http://s.tbdress.com/images/product/1/1973/1973441_1.jpg

531020466,product,http://s.tbdress.com/images/product/1/1801/1801711_1.jpg

531020467,product,http://s.tbdress.com/images/product/1/1812/1812408_1.jpg

531020468,product,http://s.tbdress.com/images/product/1/1812/

531020469,product,http://s.tbdress.com/images/product/10/10543/10543155_1.jpg

531020470,product,http://s.tbdress.com/images/product/10/10871/10871146_1.jpg

531020471,product,http://s.tbdress.com/images/product/10/10871/10871145_1.jpg

531020472,product,http://s.tbdress.com/images/product/10/10871/10871144_2.jpg

531020473,product,http://s.tbdress.com/images/product/10/10505/10505719_1.jpg

531020474,product,http://s.tbdress.com/images/product/10/10703/10703791_4.jpg

531020475,product,http://s.tbdress.com/images/product/10/10871/10871170_1.jpg

531020476,product,http://s.tbdress.com/images/product/10/10871/10871169_1.jpg

531020477,product,http://s.tbdress.com/images/product/10/10871/10871165_1.jpg

531020478,product,http://s.tbdress.com/images/product/10/10871/10871161_7.jpg
